{
  "kind": "collectionType",
  "collectionName": "companies_logins",
  "info": {
    "singularName": "companies-login",
    "pluralName": "companies-logins",
    "displayName": "companies-login",
    "description": ""
  },
  "options": {
    "draftAndPublish": true
  },
  "pluginOptions": {},
  "attributes": {
    "specialCasesInfo": {
      "type": "string"
    },
    "name": {
      "type": "string"
    },
    "identityType": {
      "type": "string"
    },
    "identityNumber": {
      "type": "string"
    },
    "issueDate": {
      "type": "string"
    },
    "expirationDate": {
      "type": "string"
    },
    "placeOfIssue": {
      "type": "string"
    },
    "phoneNumber": {
      "type": "string"
    },
    "faxNumber": {
      "type": "string"
    },
    "commercialName": {
      "type": "string"
    },
    "activityType": {
      "type": "string"
    },
    "targetCountry": {
      "type": "string"
    },
    "identityNature": {
      "type": "string"
    },
    "employeeCount": {
      "type": "string"
    },
    "startDate": {
      "type": "string"
    },
    "residenceAddress": {
      "type": "string"
    },
    "postalCode": {
      "type": "string"
    },
    "poBox": {
      "type": "string"
    },
    "country": {
      "type": "string"
    },
    "city": {
      "type": "string"
    },
    "communicationLanguage": {
      "type": "string"
    },
    "sendingDuration": {
      "type": "string"
    },
    "sendingMethod": {
      "type": "string"
    },
    "authorizedPersonName": {
      "type": "string"
    },
    "jobTitle": {
      "type": "string"
    },
    "email": {
      "type": "string"
    },
    "paidCapital": {
      "type": "string"
    },
    "annualTurnover": {
      "type": "string"
    },
    "bankName": {
      "type": "string"
    },
    "bankCity": {
      "type": "string"
    },
    "branch": {
      "type": "string"
    },
    "iban": {
      "type": "string"
    },
    "isDirectorOrPartner": {
      "type": "string"
    },
    "otherFinancialInfo": {
      "type": "string"
    },
    "financialShares": {
      "type": "string"
    },
    "debtBonds": {
      "type": "string"
    },
    "currencyExchangeRate": {
      "type": "string"
    },
    "deposits": {
      "type": "string"
    },
    "tradeFinancing": {
      "type": "string"
    },
    "investmentFunds": {
      "type": "string"
    },
    "commodities": {
      "type": "string"
    },
    "derivativesAndOptions": {
      "type": "string"
    },
    "realEstate": {
      "type": "string"
    },
    "investmentTotal": {
      "type": "string"
    },
    "investmentInfo": {
      "type": "string"
    },
    "riskPreference": {
      "type": "string"
    },
    "generalInvestmentGoals": {
      "type": "string"
    },
    "preferredInvestmentAssets": {
      "type": "string"
    },
    "test": {
      "type": "string"
    },
    "fullName": {
      "type": "string"
    },
    "nationality": {
      "type": "string"
    },
    "gender": {
      "type": "string"
    },
    "title": {
      "type": "string"
    },
    "investorInformation": {
      "type": "string"
    },
    "dateOfBirth": {
      "type": "string"
    },
    "maritalStatus": {
      "type": "string"
    },
    "numberOfDependents": {
      "type": "string"
    },
    "housingType": {
      "type": "string"
    },
    "namesOfDirectors": {
      "type": "string"
    },
    "namesOfNaturalPersons": {
      "type": "string"
    },
    "isPubliclyListed": {
      "type": "string"
    },
    "mobileNumber": {
      "type": "string"
    },
    "homePhone": {
      "type": "string"
    },
    "Building": {
      "type": "string"
    },
    "Currency": {
      "type": "string"
    },
    "telephoneNumber": {
      "type": "string"
    },
    "Correspondence": {
      "type": "string"
    },
    "correspondenceLanguage": {
      "type": "string"
    },
    "messageTime": {
      "type": "string"
    },
    "communicationMethod": {
      "type": "string"
    },
    "annualIncome": {
      "type": "string"
    },
    "incomeSource": {
      "type": "string"
    },
    "mainActivity": {
      "type": "string"
    },
    "netWorth": {
      "type": "string"
    },
    "academicQualifications": {
      "type": "string"
    },
    "employmentStatus": {
      "type": "string"
    },
    "employmentCategory": {
      "type": "string"
    },
    "employerName": {
      "type": "string"
    },
    "YearsEmployment": {
      "type": "string"
    },
    "employmentDate": {
      "type": "string"
    },
    "employerAddress": {
      "type": "string"
    },
    "employerPostalCode": {
      "type": "string"
    },
    "employerPOBox": {
      "type": "string"
    },
    "employerCountry": {
      "type": "string"
    },
    "employerCity": {
      "type": "string"
    },
    "employerFax": {
      "type": "string"
    },
    "employerPhone": {
      "type": "string"
    },
    "passportIssuePlace": {
      "type": "string"
    },
    "passportNumber": {
      "type": "string"
    },
    "passportIssueDate": {
      "type": "string"
    },
    "passportExpirationDate": {
      "type": "string"
    },
    "passportName": {
      "type": "string"
    },
    "originCountryAddress": {
      "type": "string"
    },
    "agreementType": {
      "type": "string"
    },
    "Sector": {
      "type": "string"
    },
    "financialExperience": {
      "type": "string"
    },
    "otherFinancialExperience": {
      "type": "string"
    },
    "inheritorsAgentFaxNo": {
      "type": "string"
    },
    "inheritorsAgentSignature": {
      "type": "string"
    },
    "inheritorsAgentPlaceOfIssue": {
      "type": "string"
    },
    "inheritorsAgentTelNo": {
      "type": "string"
    },
    "inheritorsAgentIssueDate": {
      "type": "string"
    },
    "inheritorsAgentIdType": {
      "type": "string"
    },
    "inheritorsAgentId": {
      "type": "string"
    },
    "inheritorsAgentExpiryDate": {
      "type": "string"
    },
    "inheritorsAgentName": {
      "type": "string"
    },
    "fatherGuardianMinor": {
      "type": "string"
    },
    "inheritorsAgent": {
      "type": "string"
    },
    "illiterateBlindWitness": {
      "type": "string"
    },
    "veiledWomanId": {
      "type": "string"
    },
    "incompetentLegalGuardian": {
      "type": "string"
    },
    "investmentKnowledgeDescription": {
      "type": "string"
    },
    "investmentYears": {
      "type": "string"
    },
    "previousInvestments": {
      "type": "string"
    },
    "professionalCertificates": {
      "type": "string"
    },
    "loanToInvestedMoneyRatio": {
      "type": "string"
    },
    "marginTransactions": {
      "type": "string"
    },
    "securitiesTransactionsOutsideKingdom": {
      "type": "string"
    },
    "countriesForSecuritiesTransactions": {
      "type": "string"
    },
    "riskAppetite": {
      "type": "string"
    },
    "capitalProtection": {
      "type": "string"
    },
    "incomeGeneration": {
      "type": "string"
    },
    "balanced": {
      "type": "string"
    },
    "capitalGrowth": {
      "type": "string"
    },
    "projectFinancing": {
      "type": "string"
    },
    "assetPurchase": {
      "type": "string"
    },
    "other": {
      "type": "string"
    },
    "saudiAssets": {
      "type": "string"
    },
    "foreignCurrencyAssets": {
      "type": "string"
    },
    "selectedCurrencies": {
      "type": "string"
    },
    "expectedDuration": {
      "type": "string"
    },
    "clientCurrentWalletdepositsMurabah": {
      "type": "string"
    },
    "idealportfoliofortheclientdepositsMurabah": {
      "type": "string"
    },
    "clientCurrentWalletdebitInstruments": {
      "type": "string"
    },
    "idealportfoliofortheclientdebitInstruments": {
      "type": "string"
    },
    "clientCurrentWalletequity": {
      "type": "string"
    },
    "idealportfoliofortheclientequity": {
      "type": "string"
    },
    "clientCurrentWalletinvestmentFund": {
      "type": "string"
    },
    "idealportfoliofortheclientinvestmentFund": {
      "type": "string"
    },
    "clientCurrentWalletrealEstate": {
      "type": "string"
    },
    "idealportfoliofortheclientrealEstate": {
      "type": "string"
    },
    "clientCurrentWalletderivativesContracts": {
      "type": "string"
    },
    "idealportfoliofortheclientderivativesContracts": {
      "type": "string"
    },
    "clientCurrentWalletalternativeInvestments": {
      "type": "string"
    },
    "idealportfoliofortheclientalternativeInvestments": {
      "type": "string"
    },
    "accountNumber": {
      "type": "string"
    },
    "custodianName": {
      "type": "string"
    },
    "custodianAddress": {
      "type": "string"
    },
    "clientCertificates": {
      "type": "string"
    },
    "custodianCertificates": {
      "type": "string"
    },
    "OtherPartiesCertificates": {
      "type": "string"
    },
    "clientDividends": {
      "type": "string"
    },
    "custodianDividends": {
      "type": "string"
    },
    "OtherPartiesDividends": {
      "type": "string"
    },
    "clientSalesProceed": {
      "type": "string"
    },
    "custodianSalesProceed": {
      "type": "string"
    },
    "OtherPartiesSalesProceed": {
      "type": "string"
    },
    "recommendation": {
      "type": "string"
    },
    "signature": {
      "type": "string"
    },
    "clientName": {
      "type": "string"
    },
    "registrationCountry": {
      "type": "string"
    },
    "businessActivityCountry": {
      "type": "string"
    },
    "paidCapitalL": {
      "type": "string"
    },
    "annualBusinessVolume": {
      "type": "string"
    },
    "website": {
      "type": "string"
    },
    "NameofContact": {
      "type": "string"
    }
  }
}
